Gold,Transcript 1,Transcript 2,Transcript 3,Transcript 4,Transcript 5,Transcript 6,Transcript 7,Transcript 8,Transcript 9,Transcript 10
Aaron,Aaron,Erin,Aaron,Aaron,Aran,errand,Eren,Aaron,Aaron,Erin
Abigail,Abigail,Abigail,Abigale,Abigale,Abigail,Abigail,Abigail,abigaile,abigael,abbigail
Abigail,Abigail,Abigail,abbigale,Abigail,Abigail,abbigale,abigael,Abigail,Abigail,Abigail
Agnes,Agnes,Agnes,Agnes,agnuses,Agnes,Agnes,Agnes,Agnus,Agnes,Agnes
Albert,Albert
Alexander,Alexander,Alexander,Alexander,Alexander,Alexander,Alexander,Alexander,Alexander,Alexander,Alexander
Alexander,Alexander,Alexander,Alexandre,Alexander,alexandr,Alexander,Alexander,alexandar,Alexander,Alexandria
Allan,Alan,Allen,Allan,Alain,Allyn,alen,Alin,Ellen,alyn,Allin
Allan,a lien,a lean,alien,Alan,Eileen,Italian,Ally,a lion,alian,Allen
Alma,Alma,terminal,Elma,element,almond,almondell,Alma,Alma,Altima
Amanda,Amanda,Amanda,Amanda,Amandla,Amanda I,Amanda,Amanda,Amandla,Amandla,Amandla
Amber,Amber,Amber,Amber on videoshop,Amber,Amber,Ambre,camber,Amber,Gambar,Amber
Amber,Amber,Amber,Amber,Amber,Amber,Amber,Amber,Amber,Amber,Amber
Andre,Andres,Andres,Andre,Andre,andrei,andrei,Andres,Andres,Andres,Andres
Andrew Collins,Andrew Collins,Andrew Collins,Andrew Collins,Andrew Collins,Andrew Collins,Andrew Collins,Andrew Combs,Andrew Combs,Andrew Combs,Andrew Combs
Andrew Robinson,Andrew Robinson,Andrew Robinson,Andrew Robinson,Andrew Robinson,Andrew Robinson,Andrew Robinson,Andrew Robinson,Andrew Robinson
Andrew,Andrew,Andrew,Andrew,and Ruby,and Ruby,Andrew,Andrew B,Andrew Beat,Andrew B,Andrew begin
Andrew,Andrews,Andrew,Andrews,Andrews,Andrews,Andrews,Andrews,Andrews,Andrews,Andrews
Angela,Angela,Angela,Angela,Angela,Angela,Angela,Angelo,Angelo,Angela,Angela
Angelica,Angelica,Angelika,Anjelica,anjelika,Angelica
Ann,Ann,an,Ann,an,Anne,an,Anne,Aaron,Ann,Aaron
Ann,Anne,Ann,Anne,Ann,Anne,Anne,Ann,Anne,Ann,Ann
Anna,Anna,Ana,anise,anas,Anna,Anis,an S,anaz,Anna,Annas
Anthony,Anthony,Anthony,Anthony,Anthony,Anthony,Anthony,Anthony,Anthony,Anthony,Anthony
Anthony,Anthony,Anthony,Anthony,Anthony,Anthony,Anthony,Anthonys meeting room,Anthony,Anthonys meeting room,Anthony
Austin,Austin,Austin,Austen,Austin,austyn,Austen,austyn,Austin,Austin,Austin
Austin,Austin,Austin,Austin,Austins,Austin,Austin,Austin,Austen,Austin,Austin
Barbara,Barbara,Barbara,Barbra,Barbara,Barbara,Barbara,Barbera,Barbara,Barbara,Barbara
Barbara,Barbara,Barbra,Barbara,Barbara,Barbara,Barbara Ann,barber,Barbera,Barbara,Barbara
Barbara,Barbara,Barbra,Barbera,barbora
Barry,berry,Barry,Barrie,bury,Bari,berry,berry,Barre,Barry,Barry
Betty Davis,Betty Davis,Betty Davis,Betty Davis,Betty Davis,Betty Davis,Betty Davis,Betty Davis,Betty Davis,Betty Davis,Betty Davis
Betty,Betty,Bettie,fetty,beti,Bettye,Petty,Betty,Betty,bety,batty
Betty,Betty,Betty,Terry,Terry,Patty,Perry,Patty,Perry,Barry,Barry
Betty,biting,bedding,batting,padding,dating,Betty,betting,body,piping,biting
Beverly,Beverly,Beverley,Beverly,beverlee,Beverly,Beverly,Beverley,beverlee
Billie,Billy,Billie,Billy,Billy,Billy,Philly,Billy,Billy,Billy,billi
Billie,Billy,Billy,Billy,Billy,Billy,Billy,billie,Billy,Billie,Billie
Bob,Bob,Bob,Bob,Bob,Bob,Bob,Bob,Bob,Bob,Bob
Bonnie,Bonnie,Bonnie,bonny,Bonnie,Bonnies,bonney,Bonnie,Bonnies,Bonnie,bonny
Bradley,Bradley,bradlee,Bradly,Brad Lee,Bradley,Bradley,bradleigh,bradely,bradlee,Bradly
Brian Nguyen,Brian Naya,Brian Nya,Brian die on,Brian Nyah,Brian naiah,Brian now ya,Brian Niah,Brian Niya,Brian and I are,Brian nigha
Brian Russell,Brian Russell,Brian Russells,Bryan Russells,Brian Russell,Brian Ruffles,Brian Russell,Brian Russel,Brian Russell,Brian Russell,Bryan Russel
Brian,Brian,Bryan,Brian,Bryans,Bryan,Brian,Bryan,brien,Brian,Brians
Brian,Brian,Bryan,Bryon,Brien,Brion,brayan,Bryant
Brianna,Brianna,Briana,Breanna,Brianna,bryanna,breana,Briana,Brianna,Rihanna,Brianna
Brianna,Brianna,Briana,Breanna,Brianna,bryanna,breana,Briana,Brianna,Rihanna,Brianna
Bridget,Bridget,Bridgets,bridgett,Bridgette,brigette,brigit,Bridge it,brigett,Bridge its,brigetts
Brittany,Brittany,Britney,Brittney,Brittany,Britney,Brittany,Brittney,Brittany,Britney,Brittany
Brittany,Brittany,Brittany,Brittany,Britney,Brittany,Brittney,Britney,Brittney,Brittney,Brittany
Brooke,Brooks,Brooks,Brooks,Brooks,Brooks,Brookes,Brookes,Brooke,Brooks,Brookes
Bruce,Bruce,Bruce,Bruce,Bruce,Bruce,Bruises,Bruce,Bruce,bruces,Bruce
Bruce,Bruce,bruse,Bruce Lee,Bruce
Bryan,Brian,Brian,Brian,Brian,Bryan,Brian,Bryan,Brian,Brian a,Brian a
Caitlin,Kaitlyn,Caitlin,Caitlyn,Kaitlin,Kaitlynn,Katelyn,Kaitlyn,Katlyn,Kaitlyn,Katelynn
Caleb,Caleb,Caleb,Kaylin,Kaelyn,Kaylin,Kaelyn,Kailyn,Caleb,kalynn,Kaleb
Cameron,Cameron,Cameron,Cameron,Cameron,Cameron,Cameron,Cameron,Cameron,Cameron,Cameron
Carl,Carl,Karl,Carl,Carl,Carl,Karl,Carl,Karl,Karl,Carl
Carl,Carl,Karl,Coral,Carla,Carlisle,Carle,Karla,Carl's,Carly,car
Carol,Carol,Carroll,Carole,Carroll,Carol,Carol,Carol,Karol,Carol,Carroll
Carolyn,Carolyn,Caroline,Carolyn,karolyn,Carolin,carolan,caralyn,Carolyn,carolyne,caroling
Carolyn,calories,calories,calories,calories,Karen,calories,calories,calories,calories,calories
Carr,cars,Cara,car,Carl,Carr,cars,car,Kars,cars,Carrs
Carter,Carter,Carter,Karter,Carter,Karter,Carter,Kroger,Carter,Carter,Kadir
Casey,Casey,KC,Kasey,Kacey,Cayce,Kaycee,Kacie,Kacy,kaci,casie
Casey,Casey,KC,Kasey,Kacey,Cayce,Kaycee,Kacie,Kacy,kaci,casie
Cassandra,Cassandra,Kassandra,Kasandra,Cassandra a,Casandra,Kassandra,cassandria,Kasandra,Casandra
Cathy,Kathy,Kathy,Kathy,Kathy,Cathy,Kathy,Kathy,Cathy,Kathy,Kathy
Charles,Charles,Charles,reach Charles,Charles,Charles,Charles,Charles,Charles,Charles,Charleston
Charles,Charles,charels,charlez,charlz,Charro,O'Charley,Charles's,Charles,Charlie,charled
Charles,Charles,charls,Charleston
Charles,Charlie,Charley,Charlie,Charlies,Charlie,Charley,Charlie,Charlie,Charli,charly
Charlie,Charlie,Charley,charlee,Charly,Charli
Chelsea,car seats,call Sears,call Steve,closest,call seeds,car seats,where,call cedes,call Cesar,Crossroads
Cheryl,Cheryl,Cheryl,Cheryl,Sheryl,sherels,sherrills,sherrills,sherrill,Cheryl,Cheryl
Christopher,Christopher,Christopher,Christopher,Christopher,Christopher,Christopher,Christopher,kristopher,Christopher,Kristopher
Christopher,Christopher,Kristopher,kristofer,kristoffer,cristopher,Christopher,christoffer,Christoper,christofer
Cody,Cody,Cody,Cody,Cody,Cody,Cody,Cody,Cody,Cody,Cody
Colleen,Colleen,Colleen,Colleen,Coleen,Colleen,Coleen,Colin,Coleen,Colin,Colin
Cory,Corey,Cory,Corey,Cory,Corey,Cory,Corey,Cory,Cory,Cory
Cynthia,Cynthia,synthia,Cynthia,Cynthia,cinthia,Cynthia,Cynthia,Cynthia,Cynthia,Cynthia
Dakota,Dakota,Dakota,Dakota,Dakota,dakkota,Dakota,dakotah,Dakota,the Cota,Dakotas
Dale,Danielle,jail,Del,Dale,Dell,dania,Daniel,nail,Gail,Dam
Daniel Bailey,Daniel Bailey,Daniel belly,Daniel bayly,Danielle Bailey,Daniel Bailey,Daniel bayley,Daniel Berry,Daniel Bali,Daniel Bailey,Daniel baillie
Daniel Walker,Daniel Walker,Daniel Walker,Daniel Walker,Daniel Walker,Daniel Walker,Daniel Walker,Daniel Walker,Daniel Walker,Daniel Walker,Daniel Walker
Daniel,Daniel,Daniel
Daniel,Daniels,Daniel,Daniel,Daniels,Daniels,Daniel,Daniels,Daniels,Daniels,Daniel
David Jimenez,in the gym in,Image gym in Islam,Image gym in Islam,the gym in Islam,in the gym in Islam,in the gym in Islam,image jimin is,in the gym in Islamic,Imaging in Islam,image imanez
David Perry,David Parry,David Perry,David Parry,David Perry,David Perry,David Perri,David Perry,David Parry,David Perrie,David Perri
David Shaw,David showing,David choe,David choe,David showing,David Shaw,David show,David Shaw,David join,David show,David Choi
David Stevens,David Stevens,David Stephens,David Stephen,David Stevens,David Stephens,David Stevens,David Stephens,David Steven,David Stevens,David Stevens
David,David,David
David,David,David,David,David,David,David,David,David,David,David
Dawn,Dawn,Don,Dawn,Dawn,Donne,Donn,Don,Dawn,Don
Deanna,Deanna,Deanna,Deanna,Deana,Deanna,Deanna,Diana,Dianna,Deana,Deanna
Debra,Deborah Drake,Debra Drake,Deborah Drake,Deborah Drake,Debra Drake,Debora Drake,Debra Drake,Deborah Drake,Debra drink,Debra Drake
Debra,Deborah,Debra,Debora,debbra,Debrah,deborrah,Deborah
Dennis,Dennis,Denny,Dennis,Dennis,Denis,Dennis,Dennis,Dennis,Dennis,Dennis
Dennis,Dennis,dentist,Denis,denys,dentists,dentist,dentist,dentist,dentist,Dennis
Derek,Derek,Derek,Eric,Derricks,Derrick,Derrick,Eric,dericks,dericks,Derricks
Diana,Diana,Dianna,dianas,dyana,Diana,Diana,Diana,Diana,Diana,Diane is
Don,joined on,on,Donne,Don,Dawn,Don,John,Don,on,Don
Donald,Donald,Donald,Ladonna,Donald,Donald,Donald,Donald,Donald,Donald,Donald
Donald,Donald,McDonald,McDonald,McDonalds,Donald,Donald,MacDonald,Donalds,Donald,donnald
Donald,Donna,Donald,Domino,Donnell,Ronald,Dano,Donna,Donell,Havana,Dano
Dorothy,Dorothy,Dorothea,Dorothy,Dorothy,Dorothy,Dorothy,Dorothy,Dorothy,Dorothy,dorothee
Dorothy,Dorothy,Dorothea,Dorothy,dorathy,dorothee,Dorothy,Dorthy,Dorothea,dorathy,dorothee
Dorothy,Dorothy,Dorothy,Dorothea,Dorothy,Dorothy,Dorothy,Dorothea,Dorothy,Dorothy,Dorothy
Dorothy,Dorothy,Dorothy,Dorothy,Dorothy,Dorothy,Dorothy,Dorothy,dorthy,dorthy,Dorothy
Douglas,Douglas,Douglass
Douglas,Douglas,Douglass
Dylan,Dylan,Dillon,Dylan,Dillon,Dillion,Dylon,Dilan,Dylan,Dillon,Dillwyn
Dylan,Dylan,Dillon,Dylan,Dillon,Dillion,Dylon,Dilan,Dylan,Dillon,Dillwyn
Earl,Earl,Orioles,URLs,Earls,the world,your own,New Orleans,Earl,New Orleans,New Orleans
Edward,Edward,Edward,eduard,Edward,Edouard,eadweard,Ed word,Edward,Edward,Edward
Edward,Edward,at work,eduard,Edward,Edward,Edwards,Ed word,at word,add word,at work
Edward,Edward,eduard,Edward,Edouard,Edward,eduard,Ed word,edword,Edouard,eduard
Edward,Edwards,Edward,Edwards,Edwards,Edwards,Edwards,AdWords,Edwards,Edwards,Edward
Edwin,Edwin,Edwin,Edwin,Edmonds,Edwin,Edwin,Edward,Edwin,Edward,Edwin
Eileen,Eileen,Eileen,Eileen,Eileen,ilene,aileen,aileen,Eileen,Eileen,aileen
Elizabeth Gomez,Elizabeth Gomez,Elizabeth Gomez,Elizabeth Gomez,Elisabeth Gomez,Elizabeth Gomez,Elizabeth Gomez,Elizabeth Gomez,Elizabeth Gomez,Elizabeth Gomes,Elizabeth Gomez
Elizabeth King,Elizabeth King,Elisabeth King,Elizabeth Kang,Elizabeth Qing,elizibeth King,Elizabeth Keen,elisabet King,alizabeth King,alisabeth King,Elizabeth Cain
Elizabeth King,Elizabeth Kings,Elizabeth King,Elizabeth keen,Elizabeth King,Elisabeth Kings,Elisabeth King,Elizabeth's Kings,Elizabeth Kingz,Elizabeth Kings,Elizabeth Kings
Elizabeth,Elizabeth,Elisabeth,Elizabeth,Elizabeth,Elizabeth,Elizabeth,Elizabeth,Elizabeth,Elizabeth,Elizabeth
Elizabeth,Elizabeth,Elisabeth,Lizabeth
Elizabeth,Elizabeth,Elisabeth,Lizabeth
Elizabeth,Elizabeth,Elisabeth,Lizabeth,Elizabeth,Elizabeth,Elizabeth,Elizabeth,elisabet,Elizabeth,lisabeth
Emily,Emily cabin,Emilie cabin,Emily caban,Emily Kevin,Amalie cabin,Amli cabin,Emily Cannon,Emily Calvin,Amelie cabin,Emily Karen
Emma,Emma,Mo,EMA,Emma,Emma,Emma,Mi,m o,Emma,Emma
Emma,Emma,Mo,EMA,Emma,Emma,Emma,Mi,m o,Emma,Emma
Erica,Erica,Erica,Erica,Erica,Erika,Erica,Erika,Erika,Erika,Erykah
Erika,Erica,Erika,Ericka,Erykah,eryka,Erica,Erica,Erica,America,errika
Erin,Aaron,Erin,Erin,Erin,errands,Aaron,Ariens,Aaron,Erin,Aaron
Ethan,Ethan,evens,evens,evens,Eden,Eden,20 tons,Ethan,20 tens,20 *
Eugene,Eugene,Eugene with,Eugen,Eugene,Eugene,Eugene,eugine,Eugene,Eugene,Eugene with
Eugene,Eugene,Eugene,Eugene,Eugen,Eugene,Eugen,eugine,you Jean,eugine,eugine
Fernando,Fernando,Fernando,Fernando,Fernando,Fernando,Fernando,Fernando,Fernando,Fernando,Fernando
Frances,Francis,France,Frances,Francis,Prince,Francis,France,Francis,Frances,Francis
Francis,Francis,Frances,Francis,France's,fransis,Francis,Francis,fences,Francis,Francis
Frank,French,Frank,branch,prank,French,French,French,franc,ranch,French
Fred,red,red,Fred,red,Fred,Fred,thread,thread,thread,red
Gail,jail,games,Galesburg,games,games,games,Girls,games,games,Girls
Gene,June,G,apology,June,BFG,g,change,Jane
George Clark,George Clark,George Clark,George Clarke,George Clarke,church Clark,charged Clark,George Clark,George Clark,George clock,George Clark
George Garcia,George Garcia,Jorge Garcia,Georges Garcia,Georg Garcia,Gorge Garcia,George Garcia,George Garcia,George Garcia,Georgia Garcia,George Garcia
George,George,George,Gorge,Jorge,George,George,George,George,Jorge,George
George,George,Georgia,Georges,Georges,Jorge,George,George,George,Georgia,George
George,George,Jorge,Gorge,Georg,Georges,George,George,George,George,George
George,George,your John,yours,your Jon,your John,George,your John,your agenda,George,your down
Gerald,Gerald,gerould,Gerald,Jared,Gerald,geroulds,steroids,Gerald,jeralds,Gerald
Grace,Grace,Grace,Grace,Grace,Graces,Grace,Graces,Graces,Grace,Graces
Gregory,Gregory,Gregory,Gregory,gregorys,Gregory,Gregory,Gregory,Gregory,Gregory,Gregory
Hannah,Hannah,Hanna,Hana,Hannah,Hanan,henna,Hanna,Hannah,Hannah,Hanah
Hannah,Hannah,Hannah,Hannah,Hanna,hana,Hannah,Hannah,Hannah,hana,Hannah
Harold,Harold,Herald,harrold,Harald,Herold,harreld,herrold,Harold,Harold,hareld
Harry,Harry,Harry,Harrys,hairies,Harrah,Harry,Harries,Harrys,Harris,Harry
Harry,Harry,hairy,Harry,harri,herry,Terry,harrie,hary,Terri,heri
Heather,Heather,Heather,Heather,Heather,Heather,Heaven,Heather,Heather,Heather,Heather
Heather,Heather,Heather,Heather,Heather,have their,have their,other,Heather,hether,Heather
Heidi,hiding,Heidi,hiding,hide your,hide you,Hiding,hide a,Hardy,Heidi,hidy
Helen,Helen,Helen,Hellen,Helen,Hellen,Hellen
Helen,Helen,Helens,Ellen,Highlands,Helen,Helen,hellens,Helen,Helen,Helens
Henry,Henry,Henri,Henry,Henry,Henry,Henry,Henry,Henry,Henry,Henry
Henry,Henry,Henry,Henrys,Henri,Henry,Henry,Henry,henries,Henry,Henry
Howard,Howard,Howards,Howard,Howards,Howard,Howard,Howard,Howard,Howard,Howard
Ian,eBay,eat,EA,email,ear,Erie,East,a,eat a
Jacob,Jacobs,Jacob,Jacobs,jakob,Jacob,Jacobs,Jacobs,Jacobs,Jacob,Jacob
Jacqueline,decorate,Jacqueline,Jack LaLanne,Jaqueline,Jacka rain,jackeline,Zachary,Jackson,decorating,Jacquelyn
Jacqueline,decorate,Jacqueline,Jack LaLanne,Jaqueline,Jacka rain,jackeline,Zachary,Jackson,decorating,Jacquelyn
Jake,Jake,Jake,Jake,Jake,Jake,Jake,Jake,Jake,Jakes,Jakes
James Barnes,James born,James Barnes,James Bourne,James Bond,James Barn,James Boren,James Bonds,James boring,James Barney,James born
James Sanders,James Sanders,James Sanders,Jane Sanders,James Sanders,James Sanders,James Sonders,James Sanders,James Sanders,James Sanders,James Sanders
James Williams,James Williams,James Williams,James Williams,James Williams,James Willems,James Williams,James Williams
James,James,James,James,Jaymes,James,James
James,James,James,James,gyms,jeans,jeans,James,gyms,james,gyms
Jamie,Jamie,Jaime,Jami,Jayme,Jaimie,jammie,Jamey,Jay me,Jaimee,jaymie
Jamie,Jamie,Jamie,Jaime,Jaimie,Jamie,Jami,Jayme,Jamie,Jamie,Jamie
Jane,Jane,Jane,Jayne,Jayne,Jane,Jane,Jane,Jane,Jane,Jane
Jared,Jared,Jarrod,Jarred,Jarod,Jerod,Jared,Jerrod,Gerald,Jered,Jerad
Jasmine,Jasmine,Jasmine,Jasmin,Jazmine,Jasmine,Jazmyn,Jazmin,jasmyn,jazzmine,Jasmine
Jason Hunt,Jason hunt,Jason Hut,Jason,Jason Hutt,Jason hook,Jason hunt,Jason Hut,Jason that,Jason hat,Jason what
Jason Hunter,Jason Hunter,Jason Hunters,Jason Hunter,Jason Hunter,Jason Hunter,Jason Hunter,Jason Hunter,Jason Hunter,Jason Hunters,Jason Hunter
Jason,Jason,Jason,Jason,Jason,Jason,Jason,Jason,Jason,Jason,Jason
Jason,Jason,Jason,Jason,Jason,Jason,Jason,jasons,Jason,Jason,Jason
Jason,Jason,Jason,Jayson,Jason,Jason,Jason,Jayson
Jason,Jason,Jayson,jacen,chasen,Jason
Jaswinder,jazz Winder,jazz Winder,Jaz Winder,Jaz Winder,jazz Winder,jazz wynder,jazz Winder,Jaz Winder,jazz wynder,jazz Winder
Javier,Javier,Javier,Javier,Javier,Xavier,Javier,Xavier,Javier,Javier,Xavier
Javier,heavy are,Heavy R,heavy our,Heavy-R,heavy hour,heavy are,happy hour,heavy armor,heavy are,heavy AR
Jean,jeans,genes,Gene,genes,Jean,jeanes,Gene,jeanne,Jean,geans
Jeff,Jeff,Jeff,F,Geoff,Jeff,Jeff,Jeff,Jeff,Jeff,Jeff
Jeffrey,Jeffrey,Geoffrey,Jeffery,Jeffree,Jeffrey,jeffry,Jeffrey,Jeffery,Jeffrey,jefri
Jeffrey,Jeffrey,Geoffrey,Jeffery,jeffry,Jeffree,geoffery,Jeffrey,Jaffrey,geofrey,Geoffrey
Jennifer Davis,Jennifer Davis,Jennifer Davis,Jennifer Davis,Jennifer Davis,Jennifer Davis,Jennifer Davis,Jennifer Davis,Jennifer Davis,Jennifer Davis,Jennifer Davis
Jennifer Green,Jennifer green,Jennifer Greene,Jennifer green,Jennifer green,Jennifer Greene,Jennifer green,Jennifer green,Jennifer Greene,Jennifer Greene,Jenifer green
Jennifer Hamilton,Jennifer Hamilton,Jennifer Hamilton,Jennifer Hamilton,Jenifer Hamilton,Gennifer Hamilton,Juniper Hamilton,Ginnifer Hamilton,Jennifer Hamilton,Jennifer Hamilton,jeniffer Hamilton
Jennifer Jackson,Jennifer Jackson,Jennifer Jackson,Jennifer Jackson,Jennifer Jackson,Jennifer Jackson,Jennifer Jackson,Jennifer Jackson,Jennifer Jackson,Jennifer Jackson,Jennifer Jackson
Jennifer,Jennifer,Jenifer,Jennifer,Jennifer,Jennifer,Jennifer,Jennifer,jenniffer,Jennifer,Jennifer
Jennifer,Jennifer,Jennifer,Jennifer,Jenifer,Jenifer,Jennifer,Jennifer,jenniffer,Jennifer,Jennifer
Jennifer,Jennifer,Jennifer,Jennifer,Jenifer,Jennifer,Jennifer,Jennifer,Jennifer,Jennifer,Jennifer
Jennifer,Jennifer,Jennifers,Jennifer,Jennifer,jenifer,Jennifer,Jennifer,Jennifer,Jennifer,Jennifer
Jerry,Jerry,Jerry,Gerry,gerri,Jerry,Jerry,Jerry,Jeri,Jerrys,Jerry
Jessica Brown,just get Brown,just get Brown,just get Browns,just get Browns,just get Brown,just give Browns,just get Brown,just give Brown,just get Browns,just get Brown
Jessica Burns,Jessica Burns,Jessica Burns,Jessica Burns,Jessica Burns,Jessica Burns,Jessica Burns,Jessica Burns,Jessica Burns,Jessica Burns,Jessica Burns
Jessica,Jessica,Jessica,Jessica,Jessica,Jessica,Jessica,Jessica,Jessica,Jessica,Jessica
Jessica,Jessica,Jessica,jessicas,Jessica,Jessica,Jessica,Jessica,Jessica,Jessica,Jessica
Jessie,Jessie,Jesse,Jessy,jessi,Jessies,jesses,jessey,jesy,chessie,Jessie
Jim,Jim,gym,Jim,Gym,gim,gin,Jim,June,jym,gem
Joe,Joe,Jo,Joe,Jojo,Joe,Joe,Joe,Joe,joh,Joe
John Dixon,John Dixon,John Dickson,Jon Dixon,Jon Dickson,Jon Dixon,John Dixon,John Dixon,John Dickson,John Dickerson,John Dixon
John Woods,John Woods,Jon Woods,John Wood,John Woods,John Woods,John Woods,John Woods,John Woods,John Woods,John Woods
John,John,John,John,John,John,Jon,Jon,Jon,John,Jon
John,Johns,John,Johns,Johns,John,Jon,John,Johns,Johns,Johns
Johnnie,Johnny,Johnny,Johnnie,Johnny Percival,Johnny Personnel,Jonny,Jhonny,Jonnie,Gianni,Johnny
Jorge,George,Jorge,Gorge,Georg,Georges
Jose,Jose,Jose,Jose,Jose,Jose,Jose,Jose,Jose,Jose,Jose
Jose,Jose,v a,Jose,hozay,for essay,a,for say,for Faye,jose,Jose
Joseph,Joseph,Joseph,Joseph,Josef,Joseph,Joseph,Joesph,Joseph,Josef,Joseph
Joseph,Joseph,Justice,Joseph,josef,Josephs,Joseph,Justice,Joseph,Justice,Justice
Joshua Martin,Joshua Mullins,Joshua Martins,Joshua Martin,Joshua Martens,Joshua Motors,Joshua Marines,Joshua Mertens,Joshua Martinez,Joshua Martins,Joshua Mullins
Joshua Thompson,Joshua Thompson,Joshua Thompson,Joshua Thompson,Joshua Thompson,Joshua Thompson,Joshua Thompson,Joshua Thompson,Joshua Thompson,Joshua Thompson,Joshua Thompson
Joshua,George for,George for,George for,Josh for,George,George,George for,Josh for,George,George for
Joshua,Joshua,Joshua,Joshua
Joshua,Joshua,Joshua,Joshua,Joshua,Joshua
Joshua,Joshua,Joshua,Joshua,Joshua,Joshua,Joshua,Joshua,Joshua,joshuah,Joshua
Joyce,Joyce,joice,joyces,Joyce,Joyce,Joyce,Joyce,Joyce,joice,joice
Juan,one,1,Juan,wine,one,wine,1,1,one,1
Judy,Judy,Judy,Judy,Judy,Judy,Judy,Judy,Judi,Judi,Judi
Julia,Trulia,Trulia,Julia,Aaliyah,Trulia,earlier,Trulia,Julia,Trulia,Trulia
Julian,Julian,Julian,Julien,Julians,Julianne,Julians,Julien,Julian,Julianne,Julian
Julie,Duty,Julie,Duty,Julie,Julia,Duty,jewelry,you,Julie,Julie
June,June,June,June,June,June,June,June,June,June,June
Justin,Justin,Justin,Justin,Justin,Justin,Justin,Justin,Justin,Justin,Justin
Karen,Karen,Caron,Karin,Carin,keren,Karyn,Charon,caryn,Carron,karon
Karen,Karen,Kerens,karan,Karen,Karens,Karen,Karen,Karen,Karen,karyn
Karen,Karen,caryn,Karyn,Carin,Karin,karon,keren,Kiran,kerin,Carron
Karen,Karen,keren,Karyn,Caron,karon,Karin,Carin,caryn,Karren,kerin
Kathleen,Kathleen,Cathleen,kathlene,Kathleen,katheleen
Kathryn,Katherine,Catherine,Catherine,Katherine,Catherine,Katherine,Kathryn,Kathryn,Catherine,Katherine
Katie,Katie,Katy,KDs,kts,KT,Katies,katey,Katie,catie,Katie
Kay,K,Kate,Kay,Cay,ke,okay,cape,Que,Cate,K
Keith,Keats,Keith,Keats,Keith,Keith,Keith,Keith,Keats,Keith,Keats
Keith,Keith,Keith,Keith,Keith,Keith,Kieth,Keith,Keith,Keith,Keith
Kelly,Kelly,Kelley,Kelli,Kellie,Kelly,Keli,Kelley,Kelli,Kellie,Keli
Kenneth,Kenneth,Kenneth personal meeting room,Ken is,Ken is,Kenya,Kenya,Kenneth,Ken his,Ken as,Ken his
Kenneth,Kenneth,Kenneth's,keneth,Kenneth,Kenan,Kenneth,kennith,kenith
Kenneth,Kenneth,Kenneth,Kenneth,Kenneth,Kenneth,Kenneth,Kenneth,Kenneth,Kenneth,Kenneth
Kenneth,Kenneth,Kenneth,keneth,Kenneth,kennith,kenith,Kenneth,Kenneth E
Kevin Mitchell,Kevin Mitchell,Kevin Mitchell,Kevin Mitchell,Kevin Mitchell,Kevin Mitchell,Kevin Mitchell,Kevin Mitchell,Kevin Mitchell,Kevin Mitchell,Kevin Mitchell
Kevin Reed,Kevin Reed,Kevin Reid,Kevin read,Evan Reed,Kevin Reed,Evinrude,Kevin Reid,Evan Reid,Kevin Reade,Devin Reed
Kevin,Kevin,Kevin
Kevin,Kevin,Kevin,Kevin,Kevin,Kevin,Calvin,Kevin,Kevan,Kevin,Kevin
Kevin,Kevin,Kevin,Kevin,Kevin,Kevin,Kevin,Kevin,Kevin,Kevin,Kevin
Kevin,Kevin,keven,Kevin,Kevin,Kevin,Kevin,Kevin,Kevin,Kevin,Kevin
Kimberly,Kimberly,Kimberly,kimberley,kimberley,Kimberly,Kimberly,kimberley,Kimberly,Kimberly,Kimberly
Kyle,Kyle,Kyle,Kyla,Kyla,Kylah,Kylie,kylon,Kylah,Kylie,Kai
Kylie,Kiley,Kylie,Kylie,Kiley,Kylee,Kylee,Kaili,Kaili,kyleigh,kyleigh
Kylie,Kylie,Kylie,Kylie,Kylie,Kylie,Kylie,Kylee,Kylie and,Kylie,Kiley
Larry,Larry,lary,larrys,leri,Larry,larrie,Mary,lerrys,Larry,Leary
Lauren,Lawrence,Lauren,Lauren,Lawrence,Laurence,Lawrence,Laurens,Laurence,Lauren's,Lawrence
Lawrence,Orange,Lawrence,Orange,Orange,Orange,Lawrence,orange,Lawrence,Orange,Lawrence
Leah,Leah,Lea,Lia,Lydia,there,Leia,Lilia,Lidia,Lithia,leigha
Leon,Leon,Lian,Leone,Liane,Lee on,Lee Young,Leanne,Leann,Liana,Lee Ann
Linda Morgan,Linda Morgan,Lynda Morgan,Linda Morgans,Linden Morgan,Linda Morgan,Linda morgens,Linda Morgan,Lynden Morgan,Lyndon Morgan,Linda Morgan
Linda Morgan,Linda Morgan,Lynda Morgan,Linda Morgen,Wyndham Morgan
Linda,Linda,Lynda,Linda,lenda,lindah,Lindo,Linda
Linda,Linda,lynda,Linda,Linda,lindas,Linda,Linda,Linda,Landa,Linda
Lindsay,Lindsey,Lindsay,linzy,Lyndsey,lynsey,Linsey,lynsie,lynzie,lindsy,Lyndsay
Lisa Ellis,Lisa Ellis,Lisa Ellis,Lisa ellis',Lisa ellises,Lisa elice,Lisa Elvis,Lisa Ellison,Lisa Ellis,Lisa Ellis,Lisa Ellis
Lisa Hayes,Lisa Hayes,Lisa Hayes,Lisa Hayes,Lisa Hayes,Lisa haze,Lisa hases,Lisa has,Lisa Hays,Lisa Hays,Lisa hazes
Lisa,Lisa,Lisa,Lisa,Lisa,Lisa,Lisa,Elisa,Lisa,Eliza,Lissa
Lisa,Lisa,Lisa,Lisa,Lissa,Chalisa,Tulisa,Tulisa,till Lisa,LESA,Lisa
Lisa,Lisa,Lisa,Lisa,leesa,Isa,Lisa,Lisa,Eliza,Elisa
Lisa,Lisa,Lisa,Lisa,leesa,Isa,Lisa,Lisa,Eliza,some,Elisa
Lloyd,Lloyd,Lloyd,Lloyd,Lloyd,Lloyd,Loyd,Lloyd,Lloyd,Lloyd,void
Lori,Lori,Lawry,Laura,lorys,Laurie,Lori,Lori,Lorie,lauri,lorries
Lorraine,Lorraine,Loraine,laraine,Lorain,lorayne,Lorrain,Lauren,Loren,Colerain,larayne
Luis,will it,will,will,will,will,will,will,will,will,will
Lynn,Lynn,in,an,LAN,Lyn,Lin,Ann,linh,Lynne,Anne
Madison,Madison,Maddison,madisyn,madisen,madyson,medicine,madysen,Mattison,madisson,Madison
Marcus,Marcus,Marcus,Marcus,Marcus,Marcos,Marcus,Marcus,Marcus,Marcus,Markus
Margaret,Margaret,Margaret,Margaret,Margaret,Margaret,Margaret,Margarets,Margaret,Margaret,Margaret
Margaret,Margaret,Margaret,if Margaret,Margret,margrett,Margaret,Margaret,Margret,margarett,Margaret
Maria,Maria,Mario,Aria,Mariana,marija,Maria,maurya,Marya,Maria a,Maria
Maria,Maria,marija,Moorea,Maria,marea,Maria,morea,mariya,muria,mariea
Marie,Marie,Murray,Marie,Marie,murry,Maurice,Marie,Marie,Marie,Emory
Mario,Mario,Mario,Mario,Mario,Mario,Mario,Mario,Mario,Mario,Mario
Mario,Mario,Mario,Mario,Mario,Mario,Mario,Mario,Mario,Mario,Mario a
Mark Clark,Mark Clark,Mark Clark,Mark Clark,Mark Clarke,Mark Clarks,Mark Clark,Mark Clarke,Mark Clark,Mark Clark,Mark Clark
Mark Stewart,Mark Stewart,Mark Stuart,Mark Stewart,Mark Stewart,Mark Stuart,Mark Stuart,Mark Stewart,Mark Stewart,Mark Stewart,Mark Stuart
Mark,Mark,pmrf Mark,Mark,Marc,Mark,Mark,Mark,Mark,Mark,Mark
Mark,mark,Mark,BART,Mark,Embark,Mart,bark,Mark,bark
Mary,Mary,marry,Mary,Mary,Mary,merry,Marie,merry,Mary,marry
Mary,Mary,marry,Meri,Mary,Merry,marry,Mery,Mary,merri,marry
Matthew Gray,Matthew Gray,Matthew Grace,Matthew Graves,Matthew Gray,Matthew Grey,Matthew graze,Matthew Grays,Matthew Greys,Matthew Gray,Matthew grades
Matthew Jackson,Matthew Jackson,Matthew Jackson,Mathew Jackson,Mathieu Jackson,Matthew Jackson,Mathew Jackson,Mathieu Jackson
Matthew,Matthew,Mathew,Matthew,math you,Mathieu,Matthew,Matthews,Matthieu,Matthew,Matthew
Matthew,Matthew,Matthew,Matthew,Matthew,Mathew,Matthew,Matthew,Matthew,Matthew,Matthew
Matthew,Matthew,Matthew,Matthew,Matthew,Matthew,Matthew,Matthew,Matthews,Matthew,Matthew
Matthew,Matthew,Matthew,Matthew,Matthew,Matthew,methe,Matthew,Matthew,Matthew,Matthew
Maureen,Marines,Marine,Marines,Marines,Marines,Marines,Marines,Marines,Marines,Marines
Megan,Meegan,Meegan,Meegan,Meegan,Meegan,Meegan,Megan,meagen,Megan,meeghan
Meghan,Megan,Meghan,Meagan,Meaghan,mehgan,meggan,Megan,maegan,meghann,Megan
Michael Snyder,Michael Snyder,Michael Snyder,Michael Snyder,Michael Snyder,Michael Snyder,Michael Schneider,Michael Snyder,Michael Snyder,Michael Snyder,Michael Snyder
Michael Thomas,Michael Thomas,Michael Thomas,Michael Thomas,Michael Thomas,Michael Thomas,Michael Thomas,Michael Thomas,Michael Thomas,Michael Thomas,Michael Thomas
Michael,Michael,Michael,Michael,Michael,Michael,Michael,Micheal,Michael,Michael,Michael
Michael,Michael,Michaels,Michael,Michael,Michael,Micheal,Michael,Michal,Mychal,Mikael
Michele,Michelle,Michelle,Michelle,Michele,Michels,Michelle,Michele,Michele,Michele,Michels
Michelle,Michelle,Michelle,the Shell,Michelle,Michelle,shell,Michelle,Michelle,Michele,Michelle
Mitch,Mitch,Mitchell,Mich,Fitch,Niche,Japanese,Nitsch
Morgan,Morgan,Morgan,Morgan,Morgen,more girl,Morgan,Morgan,Morgan,Morgan,Morgan
Nancy,Nancy,Mansi,nanci,Nancy,Nancy
Nancy,Nancy,Nancy,Nancy personal,Nancy,Nancy,Nancy,Nancy,Nancy,Nancy,Nancy
Nancy,Nancy,Nancy,me,nanci,me see,Nancy,nancee,me,nanci,me see
Naomi,you owe me,now you owe me,you show me,Yo me,do me,you homie,you know me,now you know me,me oh me,that you owe me
Natalie,Natalie,Natalie,Natalie,Natalie,Natalie,Natalie,Natalie,Natalie,Natalie,Natalie
Natalie,Nelly,Natalie,nally,Nalley,Nellie,now Lee,nalleys,now he,natalis,nataly
Nicole,Nicole,Nichole,nikole,Nicolle,Nicol,McColl,Necole,Nicole,nickol,Nichole
Noah,Antonella,Antonio,Antonella,internal,Antonella,Antonio,Antonella,Antonella,Antonella,antonela
Noah,Noah,NOAA,Noah,Noah,Noha,NOAA,Nowa,knoa,NOAA,knoah
Nora,North,Norris,Nora,Norah,Norris,North,Nora,North,Nora,Norwich
Oliver,Oliver,all of her,Oliver,all of her,Oliver,all over,Oliver,Oliver,all of her,Oliver
Olivia,Olivia,Alivia,Livia,alyvia,Olivier,Livi,Livvy,Olivia
Olivia,Olivia,Olivia being more,Olivia p,Olivia,Olivia P & More,Olivia,Alivia,Olivia B & More,Olivia pee,Olivia
Pamela,Pamela,Pamela,Pamela,Pamela,Pamela,Pamela,Pamela,Pamela,Pamela,Pamela
Parker,Parker,Parker,Parker
Patricia,Patricia,Patricia,Patricia,patricians,Patricia,Patricia,Patricia,Patricia,Patricia,Patricia
Patricia,Patricia,Patricia,patrycja,patrisha,Trisha,patrycia,Tricia,Patricia,Patricia it,Patricia at
Patrick,Patrick,Patrick,Patrick,Patrick,Patrick,Patrick,Patrick,Patrick,Patrick,Patrick
Paul Gibson,Paul Gibson,Paul Gibson,Paul Gibson,Paul gibbson,Paul Gibson,Paul Gibson,Paul Gibson,Paul Gibson,Paul Gibson,Paul Gibson
Paul Roberts,Paul Roberts,Paul Roberts,Paul Roberts,Paul Robert's,Paul Roberts,Paul Roberts,Paul Roberts,Lee,Paul Roberts,Paul Robert's
Paul,Paul,Paul,Paul,Pall,pawpaw,Paul,paull,Paul,Pall,paull
Paul,Paul,Paul,fall,Paul,Paul,Paul,Paul,Paul,fall,fall
Paul,Paul,Paula,copal,Paul,gopal,Paul,Pall,Paul,pawpaw,Paul
Paul,Paul,pause,Palms,Pauls,Paul,Paws,Paul,Paul,Paula,pause
Paula,Paula,Paula,Impalas,Pallas,Polished,polish,Pallas,Impalas,Polished,polish
Phyllis,Phyllis,fell asleep,Phyllis,Phillis,fillers,felis,Phyllis,Phyllis,Phillips,Phyllis
Phyllis,Phyllis,phyllis,Phillis,Phyllis,Phyllis,Phyllis,Phyllis,Phyllis,phyllis,filis is
Rachel,Rachel,Rachel,Rachel,Rachel,Rachel,Rachel,Rachel,Rachel,Rachel,Rachel
Randall,Randall,Randal,Randell,Randall,Randle,Randall,Randall,randel,Randall,Randall
Raymond,Raymond,Ramon,Raymond,rayman,raymons,Ramon,Raymond,Raymond,Raymonds,reyman
Real,real,real,real,reel,real,real,real,reel,real,real
Rebecca,Rebecca,Rebecca,Rebecca,Rebecca,rebekah,Rebecca,Rebecca,Rebecca,Rebecca,Rebeccas
Ricardo,Ricardo,Riccardo,Ricardo,Ricardo,Ricardo,Ricardos,Ricardo,ricciardo,Ricardo,Ricardo
Richard Stevens,Richard Stevens,Richard Stephens,Richard Stephen,Richie Stephens,Richard Steven,Richie Stevens,Rachel Stevens,Richards Stevens,Richard Stevens,Richard's Stevens
Richard,Richard,Richards,Richard,Richards,Richard,Richards,Richard,Richards,Richard,Richards
Richard,Richard,richerd,Richard
Robert Henry,Robert Henry,Robert Henry,Robert Henri,Robert Henry Purcell phone number,Robert Henry personal numbers,Robert Henry,Robert Henrie personal number,Robert Henry,Robert Henry,Robert Henry
Robert Turner,Robert Turner,Robert Turner,Robert Turner,Robert Turner,Robert Turner,Robert Turner,Robert Turner,Robert Turner,Robert Turner,Robert Turner
Robert,Robert,Robert,Robert,Roberts,Robert,Robert,Robert,Robert,Robert,Robert
Robert,Robert,Robert,robbert,robort
Robin,Robin,Robbins,Robins,Robin,a robin
Roger,Rodger,Rodger,Rodger,Rodger,Rodger,Rodger,Rodger,Rodger,Rodger,Rodger
Ronald,Ronald,Ronald,Ronald,Ronald,Ronald,Ronald,Ronald,ranald,Ronald,Ronald
Ronnie,Ronnie,Roni,Ronny,Rani,ronni,Rony,Ron e
Ronnie,Ronnies,Ronnie,Ronny,rani,rony,Ronnie,Ronnies,Ronnies,Ronnies,Ronnie
Rose,arrows,Carrows,Gyros,Guerreros,garrow,gearos,Caro,peros,Darrow,Barro
Roy,Roy,Roi,Roy,Roi,Roy,Roi,Roy,Roy,Roi,Roy
Ruth,Ruth,Ruth,Ruth,rose,rose,Ruth,Routh,Ruth,Ruth,Ruth
Ryan Sanders,ryan-sanders,ryan-sanders,Ryan Sanders,Ryan Sanders,ryan-sanders,ryan-sanders,ryan-sanders,Ryan Sanders,ryan-sanders,Ryan Sanders
Ryan Wright,Ryan Wright,Ryan Wright,Ryan right,Ryan Wright,Ryan Wright,Ryan right,Ryan Wright,Ryan Wright,Ryan right,Ryan Wright
Ryan,Brian,Ryan,Brian,Bryan,Ryan,Brian,Brian,Bryan,Ryan,Ryan
Ryan,Ryan,Ryan,Ryan,Ryan,Ryan,Ryan,Ryan,Ryan,Ryan,Ryan
Sabrina,Sabrina,Sabrina,Sabrina,Sabrina,Sabrina,Sabrina,Sabrina,Sabrina,Sabrina,Sabrina
Samantha,Samantha,Samantha,Samantha,Samantha onscreen,Samantha,Samantha,Samantha,Samantha,some antha,Samantha
Samantha,Samantha,Samanthas,Samantha,Samantha,Samantha,Samantha,Samantha,Samantha,Samantha,Samantha
Samuel,Samuel,Samuel,Samuell,Samuel,Samual,Samuell,Samual,of Samuel,Samuel,Samuel
Sandra,Sandra,Saundra,Sondra,sundra,sundram,Sandro,Chandra,shaundra,Shawndra,Shandra
Sandra,Sandra,Saundra,Sondra,sundra,sundram,Sandro,Chandra,shaundra,Shawndra,Shandra
Sara,service,service,Sarah,service,service,service,service,service,service,service
Sarah Peterson,Sarah Peterson,Sarah Petersen,Sara Peterson,Sara Petersen,Sarah Pederson,Sarah Pedersen,Sarah Patterson,Cera Peterson,Sierra Peterson,Sara Pederson
Sarah,Paris,Perris,Ferris,Terrace,Baris,dyrus,Farris,beerus,Beres,thermos
Sarah,Sarah,Sarah,Sara,Sara,Sarah,Sarah,Sara,Sera,Sarah,cerra
Shane,Shane,Shades,Shades,shayne,Shane,Shane,Shane,Shane,chains,Shane
Shane,Shane,Shan,Shayne,Shang,Shay,shame,shein,Schoen,chane,champagne
Shannon,Shannon,Shannon,DeShannon,Shannon,tashana,Shannon,Shannon,Shanna,Shannon,Tashina
Sharon,Sharon,Sharon,Sharons,Sharon,Sharon,Sharon,Sharon,Sharon,Sharon,Sharon
Shirley,Shirley,surely,sherly,Shurley,Shirly,Shirley,Shirlie,surely,shirlee,sherley
Sierra,Sierra,Ciara,Ciera,Cierra,Ciara,Sierra,Sahara,sea era,Siera,Sierra
Stephanie,Stephanie,Stephanie,Stephanie,Stephanie,Stephanie,Stephanie,Stephanies,stefanie,Stephanie,stephany
Stephanie,Stephanie,stuffy,Steffy,Steffi,Stephy,Stepney,Stefani,Stephie,steffey,stefi
Stephanie,Stephanie,stuffy,Steffy,Steffi,Stephy,Stepney,Stefani,Stephie,steffey,stefi
Stephen,Steven,Stephen,Stephan,Stephon,Stevan,Steven,Stephen,stiven,Stephan,steaven
Steven Hill,Stephen Hill,Steven Hill,Stephen Hill,Steven Hill,Steven heal,Stephen Hill,Steven Hill,Steven heel,Stephen Hill,Steven Hill
Steven,Stephens,Stevens,Stevens,Stephens,Stephens,Stephens,Stevens,Stevens,Steven,Stephens
Steven,Steve,Steve,Steve,Steve,Stevie,Steve,Steve,Steve,Steve,Steve
Steven,Steven,Stephen,Stephan,Stevan,Stephon,Steven,steaven,Steven,Stevens,Stephen
Steven,Steven,Stephen,Stephan,Steven,Stevens,Stephen,Stevan,Stephon,Steven,Steven
Susan Nelson,Susan Nelson,Susan Nelson,Susan Nelson,Susan Nelson,Susan Nelsons,Susan Nelson,Susan Nelson,Susan Nelson,Susan Nelson,suzan Nelson
Susan,Susan,Susan,suzan,Susan,Suzanne,Susan,suzann,Susan,Susan,Susan
Susan,Suzanne,Susanne,Susan,Susanna,susann,suzann,Suzanne,Suzanne,Susanne,Susan
Taylor,Taylor,Taylors,tailors,Taylors,Taylor,Taylor,Taylor,Tailor,Taylor,Taylors
Teresa,Teresa,Theresa,Teresa,Teresa,30,Theresa,terresa,terisa,Teresa,Theresa
Teresa,Teresa,Theresa,Teresa,Theresa,Teresa,Theresa,Teresa,Theresa,Teresa,Teresa
Thomas,Thomas,Thomas,Thomas,Thomas,Thomas,Thomas,Thomas,Thomas,Thomas,Thomas
Thomas,Thomas,Thomas,Thomas,Thomas,Thomas,Tomas,Thomas,Thomas,Thomas,Thomas
Thomas,Thomas,Thomas,Tomas,Thomas,Thomas,Thomas,Thomas,Thomas,Thomas,Thomas
Timothy,Timothy,Timothy,Timothy,timothys,Timothy,timothys,Timothy,Timothy,timothys,Timothy
Timothy,Tommy,atami,Watami,the Tommy,Watami,atami,Tommy,Watami,atami,Watami
Tommy,Tommy,Tommie,Tomi,tommi,tomie,tamy,Tammy,Tommy,Tom you,Tommy Lee
Tony,Tony,Tonys,Tonys,Tonys,Tony,Tony,Tony,Tony,Tony,Tonys
Tyler,Tyler,Tylor,Tyler,Tyler,teighlor,tylar,tiler,Tyler,Tyler,thailer
Vanessa,Venice,FedEx,Venice,Vanessa,Best Buy,the,Venice,Vanessa
Victoria,Victoria,Victorious,Victoria,Victoria,Victoria,Victoria,Victorious,Victoria,Victoria,Victorious
Vincent,Vincent,Vincent,Vincent,Vincent,Vincent,Vincent,Vincent,Vincent,Vincent,Vincent
Walter,Walter,Walther,Walter,Walter,Walt,wolter,world,Walton,wild,Walter
Warren,Warren,warrants,Warren,warrants,Warrens,warrants,Warrens,Warren,Warren,Warren
Whitney,Whitney,whitneys,Whitney,Whitney,widnes,Whitney
William,William,William,William,William,William,Williams
William,Williams,William,Williams,Williams,Williams,Willems,William,Williams,Williams,Williams
Zachary,Zachary,Zachery,zaccary,Zackary,zacharie,zakhary,zackery,Zachry,Zachary,zakari
